mean,std,skew,kurt,median,edge_density,avg_edge_intensity,low_freq_energy,high_freq_energy,betti_0,betti_1
72.32791519165039,79.09197321028391,0.43219375515753017,-1.5840440703025238,3.0,0.046161651611328125,157.3573258408396,25147.264017588775,25441.893889728206,2701.0,4103.0
69.00017929077148,73.35292891007059,0.4177770901047022,-1.5039411007235535,3.0,0.07273483276367188,141.17192007132743,31021.023576030882,31073.777438028934,2668.0,3986.0
43.95002746582031,65.36602556353628,1.1951411112949195,-0.15073889055091438,3.0,0.051029205322265625,131.75099050609253,25789.071188863378,24971.447466021884,1932.0,3172.0
67.42450714111328,82.042939596708,0.7582307283565047,-1.0386515976376902,3.0,0.0431671142578125,127.36108165429481,22912.254179528707,22974.283970595683,2008.0,3218.0
61.49715805053711,77.5400624709889,0.7518802488154499,-1.1729380044437632,3.0,0.0346221923828125,148.60356985456147,26232.930279823697,26898.595580548495,2465.0,4028.0
46.693878173828125,70.52793450795438,1.1868517800969973,-0.2884352670323804,3.0,0.0362548828125,135.37015993265993,25320.29245955945,25583.686172558628,2243.0,3739.0
53.44416427612305,70.91583224145995,0.8851326478168658,-0.9045503205876457,3.0,0.039966583251953125,136.03722439629664,20835.547044305502,20028.28917159545,2544.0,3985.0
33.25370407104492,63.57288880807414,1.8216329501590183,1.64222321110008,3.0,0.02886962890625,134.48810782241014,20642.015747663685,20180.596970326857,1262.0,2050.0
49.40327835083008,71.47442467309084,1.2479677008323058,0.09287752690534168,3.0,0.040294647216796875,116.176181009183,22842.31003919635,21401.863519289935,2138.0,3441.0
70.16352462768555,74.64625267618116,0.3726522861501892,-1.6069856099157303,3.0,0.04714202880859375,140.02548956141771,25125.366411070325,25266.75313352829,3031.0,4724.0
40.073936462402344,65.07870082241587,1.5432281238151973,0.9391711767996211,3.0,0.033702850341796875,115.50413129598189,17899.61411296613,18332.62435025225,1794.0,3022.0
87.77645874023438,69.66894887790721,-0.15685582063919495,-1.5989610293896102,119.0,0.051239013671875,131.4379839189994,36439.93553245526,37876.2601626082,4134.0,6293.0
35.8420524597168,66.52171915163657,1.7277507902538691,1.3018235572264416,3.0,0.030582427978515625,139.39765498316078,15834.385176204976,15836.344160486122,1152.0,1809.0
54.738426208496094,73.35777961558107,0.8638572023352497,-1.0540434213193097,3.0,0.046566009521484375,142.73490620135988,23793.976835802096,23487.23557817746,2408.0,3856.0
76.18416213989258,79.29292324388642,0.3941516283568676,-1.4947961135225447,30.0,0.072174072265625,143.2531712473573,26371.23323086435,26087.267025063775,3159.0,5181.0
63.585166931152344,74.00434797151155,0.629356036091391,-1.2334478946426835,3.0,0.06501388549804688,136.44634160652467,24589.19926146402,26668.034114562248,2658.0,4447.0
73.24617004394531,74.26413281874177,0.27809028113860007,-1.654106816519571,28.0,0.037689208984375,137.65232793522267,30484.76077537148,30203.02582081108,3699.0,6028.0
42.090904235839844,66.92212962148754,1.3041879086904367,0.03407912447564909,3.0,0.046142578125,139.14112103174602,23685.111423206672,24533.0215490147,1673.0,2741.0
57.15821838378906,78.81954485885772,1.0095151649617178,-0.6385355237564649,3.0,0.03624725341796875,140.7660492527889,22618.04932962239,23639.979807652668,1981.0,3217.0
71.99299621582031,59.84518082356271,0.0877172353493321,-1.2886290193591852,92.0,0.056529998779296875,122.11228827856131,33290.83550732838,34547.86242474828,3884.0,6254.0
23.254104614257812,53.97918001639137,2.5886444976047045,5.290322702101783,3.0,0.02260589599609375,130.06142423219708,14270.618134876151,13917.672740227195,656.0,1033.0
47.170143127441406,68.69081290384037,1.1809389753420865,-0.13754083498820524,3.0,0.03090667724609375,129.88188101703284,19477.95846372782,19494.208694652563,2084.0,3367.0
33.28600311279297,63.48355007220959,1.9172221807118872,2.1803464478454675,3.0,0.022151947021484375,111.28000688823833,18278.486775292564,18183.431783507935,1343.0,2316.0
82.84312057495117,80.12070431752626,0.1667597387515919,-1.7462540679001326,65.0,0.0477294921875,160.8858695652174,29610.652494326965,31363.816198120254,3033.0,4626.0
61.23289489746094,83.36507994561809,0.8639977854255194,-1.0717082770762858,3.0,0.0407257080078125,155.34994379917572,22302.705165094892,21235.767626665016,1894.0,3170.0
84.70912551879883,67.69926003962954,0.05113510955327039,-1.2737981890102645,103.0,0.0857391357421875,124.4105267841253,36369.29018948849,35710.17911305214,4238.0,6449.0
42.10414505004883,69.91523339768966,1.4551339620836674,0.46999157885589105,3.0,0.042926788330078125,140.82866791077936,23379.0757539337,23672.005244339838,1420.0,2266.0
59.8665885925293,65.88934219853084,0.6552852965034107,-0.9221755362746791,3.0,0.04483795166015625,116.99123702569338,31644.339550042874,30743.002189694,3300.0,5509.0
31.708850860595703,60.37570030877942,1.8910162079531623,2.005421997657736,3.0,0.02864837646484375,130.69733688415445,15618.999015243011,16102.517654767784,1049.0,1771.0
34.54434585571289,64.63525399232682,1.7864292060095845,1.5670219718322889,3.0,0.0297393798828125,135.339276552078,18532.96111932551,17137.598688947433,1158.0,1920.0
60.965938568115234,70.15008947064855,0.7038094915206781,-0.9815413715131398,3.0,0.054737091064453125,126.52867795665203,26469.647804270116,27198.283724060657,3326.0,5227.0
54.21514892578125,73.27517651863886,0.8972972093225732,-0.9866668508902059,3.0,0.039386749267578125,144.89365617433415,20231.281803751168,21163.143153525227,2156.0,3502.0
50.16720199584961,67.75618066415424,1.0082044512578192,-0.5214107371879768,3.0,0.03824615478515625,129.43127867544385,22141.20509694384,22551.762556265952,2366.0,3878.0
77.67204284667969,79.8944509607852,0.3648104793182116,-1.527631737657233,40.0,0.06448745727539062,147.82360248447205,30805.384872136623,27919.16748127817,3088.0,4910.0
65.31298828125,75.06188258029118,0.6569372275295454,-1.1751272991096584,3.0,0.06538772583007812,148.54535908056707,23162.855426497146,24242.434660470542,2553.0,4190.0
68.30875015258789,76.35023058645754,0.5165183139254458,-1.4068889628254082,3.0,0.06540679931640625,141.96209028344802,27640.673420095583,29875.083208562755,2738.0,4406.0
48.261539459228516,70.74587244706623,1.1336118090543843,-0.37228543660676117,3.0,0.043384552001953125,143.84401653037898,25136.29229196792,25130.157889714304,2008.0,3417.0
30.324413299560547,60.32668346927772,2.065786112093942,2.791687864215179,3.0,0.0242156982421875,126.5789224952741,14855.788410299107,14616.243245209094,1255.0,2090.0
35.14301681518555,65.23754381444998,1.7964674104647178,1.6842843149847528,3.0,0.025608062744140625,122.98540145985402,16903.514809918735,16536.833583920838,1293.0,2215.0
41.76486587524414,68.04367187718879,1.4005633705672282,0.2905067409102027,3.0,0.02901458740234375,119.23271101761767,17000.622956405132,18035.57024901039,1720.0,2900.0
78.20314025878906,75.98903768620956,0.2988568410603613,-1.4960797980375715,66.0,0.073486328125,150.515780730897,27800.53501188061,30582.20509021172,2801.0,4640.0
55.95256423950195,79.50330219095522,0.9949635714594713,-0.7791060022072407,3.0,0.04064178466796875,152.6550591327201,20381.450664548327,20154.98260159269,1868.0,3019.0
50.51028823852539,72.22615973293456,1.1001306015005379,-0.4000304509318302,3.0,0.031787872314453125,130.18864754590183,21380.863695116823,22127.277524871424,2187.0,3641.0
49.33881759643555,72.63953987004999,1.1796825516441762,-0.20445380395479207,3.0,0.03589630126953125,141.27300743889478,20943.001171761753,21734.24976221191,1954.0,3173.0
30.531856536865234,52.083586562269105,1.6117933314356403,1.1970386430176196,3.0,0.025543212890625,104.67876344086021,21411.746231218414,22849.179268484702,1988.0,3212.0
56.381263732910156,73.3632742359439,0.8252583863674952,-1.0121689906003832,3.0,0.0533599853515625,139.69330855018586,24704.977856177553,26712.99317423517,2550.0,4291.0
46.8489875793457,71.56591620464643,1.344773998928696,0.35343749300999194,3.0,0.039134979248046875,127.12564577444195,19430.765296478112,19197.741178356853,1977.0,3151.0
45.66854476928711,70.89465643935996,1.3020620004210077,0.10254334020273559,3.0,0.038936614990234375,137.23258548055256,23462.03994923346,23137.5513109614,1674.0,2732.0
68.1282844543457,76.91624272106364,0.529543543897276,-1.4190116024811823,3.0,0.062774658203125,142.8202479338843,28524.42385154423,27269.447148566127,2483.0,3907.0
29.206066131591797,59.30167023986296,2.192166175958175,3.3940478842949897,3.0,0.022624969482421875,125.83948743888045,14510.996286134616,15422.588445773736,1066.0,1743.0
36.890079498291016,54.787153193076335,1.1972162089210399,-0.12548759498710593,3.0,0.033550262451171875,112.41830585559977,21758.96656067376,22632.78116385377,2167.0,3324.0
99.65534591674805,78.66542621926078,-0.16720871163316978,-1.5904830679169168,130.0,0.0742034912109375,151.15216944273084,29195.28916758323,30813.750175633224,3044.0,4690.0
32.06668472290039,65.99598182481279,1.9663316098550399,2.0747597101102917,3.0,0.01291656494140625,106.53425871234495,14740.31618882934,12831.600576336756,1051.0,1661.0
35.45762634277344,70.36115637756124,1.8416669198549624,1.593086416113512,3.0,0.015209197998046875,123.74040632054177,15868.971550689961,16210.186853069263,993.0,1551.0
69.01042556762695,83.36589045153016,0.7172702496112532,-1.1526749665165545,3.0,0.0417938232421875,129.08187294633078,22627.949107682303,24122.514932327547,2587.0,4149.0
35.41840744018555,59.96560009663128,1.5678482026717806,0.9557127971541846,3.0,0.03098297119140625,133.04851021915783,22818.814380674183,22639.052002761062,1421.0,2319.0
35.735801696777344,62.042145652741794,1.6411137957736257,1.2303896779603027,3.0,0.032718658447265625,132.23131631106446,18133.81538111915,17668.670803350095,1330.0,2211.0
48.893917083740234,69.75230368197849,1.1474538736151727,-0.20291208256706872,3.0,0.0521392822265625,126.17354404448346,25916.334369343527,25277.615683605552,1944.0,3372.0
44.93906784057617,68.27579622061043,1.2852821986411154,0.11002781378739313,3.0,0.0454254150390625,129.86160564326502,20110.644542876074,21144.37763735094,1750.0,2994.0
27.054061889648438,59.155229122097644,2.231880498218822,3.2893693347705106,3.0,0.019268035888671875,127.82300534547615,17058.63304526799,15894.917956258772,769.0,1254.0
37.33723068237305,65.37124181841476,1.5931258218892652,0.9206176907040118,3.0,0.0292510986328125,142.61841418883674,18449.23676232961,19873.683504923898,1358.0,2281.0
32.64949035644531,57.723270382480536,1.757648511193692,1.6453061151379904,3.0,0.035602569580078125,122.8371370406086,18568.122537959538,17799.730120397257,1260.0,2109.0
40.13624954223633,64.02981714942236,1.4137197306359373,0.4765411842651952,3.0,0.029521942138671875,126.94986432355601,22420.232727731094,21829.607812236587,1876.0,3075.0
33.368263244628906,62.051063754806535,1.6960264109435,1.110949019113316,3.0,0.01836395263671875,109.34358122143747,16067.772360080133,15796.111375095807,1433.0,2428.0
41.144168853759766,66.62378817278217,1.5230488022209745,0.889732403508432,3.0,0.032321929931640625,125.7069514929777,22089.029170466023,22838.382602322992,1924.0,3073.0
70.58776092529297,74.935178311209,0.45826617829246274,-1.4033962082407,20.0,0.048404693603515625,140.50185199779335,28760.520544494146,29064.309173487723,2962.0,4638.0
59.661495208740234,74.06258182055205,0.7318443537222361,-1.1378896350914458,3.0,0.0608062744140625,139.1707026348808,23154.974160262544,22714.823797463632,2662.0,4195.0
47.03622817993164,70.35709965014095,1.1966543956151268,-0.14440347827054278,3.0,0.029445648193359375,128.81435419095737,21319.490720750866,21007.19304760128,2108.0,3400.0
45.4836540222168,66.91886458539813,1.217674372152144,-0.014727781079301394,3.0,0.041004180908203125,134.14578100288398,18993.7679172646,19965.528512477504,1847.0,2991.0
54.5323371887207,76.02933844111448,1.0059571302189165,-0.6691759820908971,3.0,0.050968170166015625,146.6598308509842,23867.598696685927,23715.037620933017,1893.0,2909.0
47.987632751464844,70.43980824748719,1.1231220842834628,-0.4192493636241088,3.0,0.028522491455078125,137.46154874949846,21949.64901984002,22652.56578121381,2079.0,3396.0
45.6601448059082,70.21656196179012,1.2315887836284447,-0.14729855418518323,3.0,0.0303802490234375,135.46998995479657,23464.562804509358,25041.507271142735,1899.0,3144.0
40.12654495239258,64.11865640607716,1.3766529958708067,0.2770336928554915,3.0,0.04225921630859375,133.92200758259614,17015.957544877503,18458.0324448486,1581.0,2685.0
48.72361755371094,70.85603214714628,1.1090681407958745,-0.4105417922854304,3.0,0.041522979736328125,139.7849333945797,22856.532181839597,22633.13812608509,1757.0,3061.0
43.21120071411133,66.76519722038759,1.2699558493049998,0.026251290267305105,3.0,0.027942657470703125,127.10047781569966,24264.245443665826,24479.977296966223,2063.0,3456.0
38.897464752197266,62.24964827947793,1.3717443144529353,0.26270547801266364,3.0,0.038982391357421875,133.92973872198846,19811.764897117784,21720.425285033925,1709.0,2841.0
85.5556640625,74.3468167224473,0.009196832009268942,-1.6549947464585983,113.0,0.0725555419921875,141.90478443743427,31508.467744066704,29886.864160170706,3530.0,5459.0
57.31499481201172,70.53732149596443,0.7165854928784858,-1.1867741939231318,3.0,0.049404144287109375,138.1796772450004,24609.830529264764,24039.975495374212,2782.0,4555.0
41.56221008300781,63.37826660519523,1.2956353211192444,0.12665492697513736,3.0,0.0475921630859375,126.57382173773645,18880.917570738555,20817.35855948906,2104.0,3273.0
86.07983016967773,69.74985797810301,-0.1563881988595601,-1.6597999213469057,121.0,0.06296539306640625,134.18556888404217,29351.211194976328,30626.53885328055,4352.0,6487.0
35.769142150878906,63.57354781186038,1.6992982944513715,1.3935638934762187,3.0,0.02909088134765625,137.1174927878311,17885.77634705346,17990.887704050165,1224.0,2063.0
44.90182113647461,66.04081233432994,1.1887511771094013,-0.1344195586758148,3.0,0.043170928955078125,135.9916055491738,20796.096106152152,21433.683083404627,1879.0,3129.0
44.305728912353516,69.33408289653003,1.2864530546913686,-0.0004115306358909443,3.0,0.04546356201171875,141.00025172008725,19500.95099411242,20328.222370127343,1567.0,2595.0
53.917640686035156,78.32625400873617,1.1478642157003982,-0.33650612637374966,3.0,0.034534454345703125,126.71269192532861,19361.489181420293,19139.12941186133,1792.0,2945.0
35.9476203918457,64.28709729296703,1.6647440880109197,1.1688373771036344,3.0,0.025875091552734375,133.15848444641014,14655.544472428244,14944.571330099003,1259.0,2012.0
62.46163558959961,69.38187623649162,0.5649688701446799,-1.2595597897516806,3.0,0.060760498046875,130.74893269713712,29631.860066628884,28422.30410488844,3017.0,4966.0
83.02730941772461,71.43499168049048,0.10024480396822345,-1.4140033708113344,104.0,0.06694793701171875,131.54660968660968,30898.067664600814,32067.71489350237,3643.0,5597.0
55.263031005859375,70.33375800299764,0.7521277896215988,-1.2234338924164914,3.0,0.0496978759765625,142.26911268038072,23201.16322958044,21862.513815023907,2456.0,4223.0
77.21806335449219,65.26415396240576,0.027116906110719485,-1.5321817780564986,98.0,0.07384872436523438,132.63779120822358,31317.132007350043,30396.23298593879,4007.0,6247.0
41.27274703979492,63.38615502471094,1.3177413983629465,0.2274805305616332,3.0,0.0493011474609375,129.46518105849583,19812.505206876685,19826.901468188364,1815.0,2930.0
75.92172622680664,76.11359521533507,0.2898375436580743,-1.5879562848381035,49.0,0.06903839111328125,143.8487125649243,33306.58672062125,31630.492706892353,3425.0,5420.0
42.281982421875,69.2188784591654,1.4206255735578777,0.3986667186428918,3.0,0.025447845458984375,137.602608304602,17359.703384907727,19060.46951736232,1768.0,2871.0
37.23973083496094,66.90564649771467,1.6620931016628009,1.1545959816869082,3.0,0.03063201904296875,130.99364881693648,14283.871920403712,14237.716752994276,1360.0,2330.0
74.74446868896484,80.83712534925104,0.5163643160511379,-1.3634350767660584,21.0,0.06827926635742188,133.30476562936477,27176.422322652328,27257.20306338413,2939.0,4580.0
69.92724990844727,76.41876978321035,0.39036456785071,-1.6727525022226652,3.0,0.06751632690429688,147.01237358042826,30236.734488223952,30955.498475982877,3321.0,5019.0
63.74906921386719,72.1943920401963,0.675855550959471,-1.0438425096608799,3.0,0.036956787109375,125.42031379025599,25373.330405486176,24426.877506440826,3014.0,5044.0
67.31407165527344,78.95354220378368,0.7055909702911659,-1.085956967496849,3.0,0.058261871337890625,137.5818110390886,22102.01802920149,23175.91866928978,2283.0,3844.0
44.42824172973633,64.35147382313124,1.188408863913399,-0.12394476210401706,3.0,0.04337310791015625,126.00299032541777,22031.571232078924,20523.65673945635,2283.0,3769.0
61.810977935791016,71.04126326940492,0.6225593018852765,-1.2084906670335596,3.0,0.05762481689453125,133.25983053091485,25752.555856693165,25845.63554098999,2567.0,4162.0
57.2795524597168,73.65114044106963,0.9184403874491824,-0.7246404189292632,3.0,0.052181243896484375,126.3884055852036,22183.397837020304,21159.413904935038,2180.0,3561.0
51.15699005126953,73.59456408866858,1.106312281651304,-0.3737026054708261,3.0,0.04856109619140625,141.6432050274941,21588.572561327026,20761.985737135015,1907.0,3107.0
45.880271911621094,71.3921040476356,1.357089157538475,0.3233901058345898,3.0,0.037841796875,133.64364919354838,22395.146767369795,21688.77227850575,1737.0,2897.0
40.29446792602539,63.51436645123928,1.351604839349279,0.24645774627585615,3.0,0.0316925048828125,138.45293692826192,21074.092338912396,20008.02614923594,1754.0,2832.0
60.53545379638672,75.81176285708266,0.7962210530333761,-1.0038838701941841,3.0,0.048221588134765625,141.8333201487224,28016.590514282165,25353.09252902038,2478.0,4024.0
69.75186157226562,80.62125536105573,0.6275082467127479,-1.2500182646875637,3.0,0.06688690185546875,145.3857077677655,24773.16738097864,23376.291587628384,2107.0,3671.0
48.9947509765625,70.67884852715838,1.123196646692348,-0.3171847357741373,3.0,0.054065704345703125,137.90481902208424,20931.099708250396,22437.326475702183,1875.0,3116.0
61.830665588378906,73.91913700443928,0.7895733488804394,-0.8802926173051664,3.0,0.057178497314453125,134.32677296684236,29309.964174583758,29266.371085834646,2500.0,4064.0
47.296600341796875,69.61764029240544,1.1905983869229921,-0.1532273632532677,3.0,0.0483856201171875,134.08648691264585,24088.079644921603,24639.756814028064,2021.0,3157.0
69.6016960144043,75.63591116097966,0.3886327758032679,-1.665924688992996,3.0,0.06520843505859375,146.2158067158067,29229.512575717745,31791.88923977542,3293.0,5031.0
56.59458923339844,73.66070531682374,0.8977479780843391,-0.7613929994691739,3.0,0.058868408203125,133.56421721099014,26031.304406674746,25494.84831407866,2390.0,3812.0
38.37371826171875,67.18238158332683,1.6560265821769116,1.226677037329865,3.0,0.02912139892578125,123.26211684569033,16711.000776957924,17469.49352708097,1360.0,2231.0
54.9715461730957,71.20460849278258,0.9178608952769616,-0.7580600634279047,3.0,0.0368804931640625,131.89253206454282,23144.303654484815,21091.804284404883,2322.0,3968.0
49.334014892578125,71.54302467387095,1.1088837504164322,-0.39803979000835277,3.0,0.046054840087890625,137.87865484966454,22975.215198817088,23606.018264762813,2136.0,3480.0
48.209312438964844,67.38924983478871,1.0615860153664078,-0.47874444101870495,3.0,0.040172576904296875,135.5901623777419,22146.206320085348,20918.878738168612,2363.0,3818.0
31.430198669433594,60.59239785554055,1.9002709563412283,2.042536088434394,3.0,0.025524139404296875,123.10551487072186,18805.6402177699,18648.992794630656,985.0,1793.0
70.17497634887695,84.4243836287449,0.7479785612089676,-1.0442155506055597,3.0,0.043285369873046875,135.50586057988895,23500.09492530122,23652.481121684224,2254.0,3658.0
61.309322357177734,74.2034325008296,0.7596141134033362,-0.9975585663268287,3.0,0.0540618896484375,139.75896133220434,21242.11348240319,22467.14329584777,2299.0,3786.0
48.611976623535156,71.78599631729057,1.1887261093449213,-0.1864070696623803,3.0,0.039241790771484375,134.73383882570235,19425.119049177403,20434.508272351144,1888.0,3064.0
52.44670486450195,67.76665884388784,0.9710958168016391,-0.5338048983471566,3.0,0.048160552978515625,135.68166336633664,23482.963153423963,25047.73302728971,2583.0,4266.0
47.99302291870117,70.2310318569308,1.1603476429038573,-0.2524829030205069,3.0,0.034259796142578125,137.31700256096204,17941.22591453359,18223.673132530894,1786.0,2930.0
48.50519943237305,72.91354609387727,1.1795068597138543,-0.3008920197071814,3.0,0.048480987548828125,138.67086316783383,22404.916984037518,21878.6788140971,1617.0,2564.0
62.75919723510742,75.98850389983603,0.7226710741082837,-1.1183796658419647,3.0,0.07034683227539062,138.92858304864163,25611.758381709307,26598.48998105571,2310.0,3834.0
64.84694290161133,77.51775761825525,0.6453911771799516,-1.2994505449454923,3.0,0.07671356201171875,146.1152660367976,25992.841389539964,25146.06185064877,2150.0,3393.0
80.32790756225586,74.91214424133751,0.16108266789380157,-1.590281240474125,91.0,0.066192626953125,135.0104887044721,28027.901035540734,27299.647958785004,4143.0,6542.0
93.28466415405273,76.6214387326054,-0.10713354880559754,-1.6916338935324333,122.0,0.04524993896484375,134.23090541224076,32461.608463615637,32945.917488552805,4608.0,7379.0
84.07899856567383,72.77247689317899,-0.018205496919161877,-1.7152956876845635,110.0,0.046291351318359375,129.14552946023898,32477.720720598372,29507.149239978968,4318.0,6870.0
43.883384704589844,74.48440575624316,1.4385989293397674,0.3305681862452614,3.0,0.031063079833984375,139.4253960456834,20273.878572450714,19893.73060677153,1248.0,1940.0
54.05411148071289,73.92506629000798,0.9969334216541929,-0.6470908759107141,3.0,0.03964996337890625,133.45660958245142,22707.98650982595,23322.67492650511,2349.0,3739.0
71.28945541381836,76.54368529315464,0.48403761462220424,-1.3735869108682937,16.0,0.0561676025390625,137.6465634338495,27407.914180845786,27773.89769535879,3017.0,4498.0
51.714622497558594,72.85259254123324,1.1857793987363323,-0.11385365628873734,3.0,0.050933837890625,129.65308568004792,21759.750767948874,22533.47194427922,1589.0,2782.0
82.74154663085938,81.76411981620886,0.2975987886739199,-1.5610762482603937,69.0,0.08414840698242188,146.16927331248016,29249.95429353291,28879.39162178125,2959.0,4843.0
40.75863265991211,65.13988926423048,1.4163521359976579,0.4737711980478734,3.0,0.032596588134765625,132.26377998829724,19478.030087433614,18952.344265439206,1653.0,2726.0
78.9059829711914,72.92238087876244,0.1157830379972162,-1.6781051427448184,87.0,0.060794830322265625,133.14952625964736,29350.530406911028,28034.940277981445,4103.0,6551.0
67.57661437988281,77.00016916620064,0.7245646735362411,-0.9956720962973824,15.0,0.06845855712890625,125.80290872617853,22865.788498463102,22760.886256848913,2292.0,3909.0
99.62579727172852,59.62244554028817,-0.6224792698278293,-1.0122881147402685,122.0,0.07789993286132812,129.60570001469077,36987.01442541042,36580.42843666273,5926.0,9373.0
70.11233520507812,79.5088848679981,0.52845673094412,-1.45543223316995,3.0,0.07940292358398438,148.53144367042998,25945.320986438393,25733.295542686425,2130.0,3440.0
102.05437088012695,61.73248796531859,-0.655981491442006,-1.0361347068526363,127.0,0.07524871826171875,134.25621007806956,37697.816522098976,34415.32124033923,5921.0,9287.0
70.9016342163086,72.56317867884691,0.4793698388975943,-1.2435493441009335,47.0,0.05748748779296875,138.5076310550763,28899.090411657242,29515.922393350167,3202.0,5259.0
152.38978576660156,60.86758075880534,-1.6023609059242618,1.3300352250621295,173.0,0.059345245361328125,157.65089670244905,43108.4564567559,43160.36456433638,6637.0,10580.0
81.8573112487793,73.32929345633823,0.05029150242512597,-1.7179909071835737,96.0,0.054584503173828125,139.4149136906842,29997.772243112213,29139.18984375471,4490.0,6831.0
66.21167755126953,69.19163769632246,0.5210983054835978,-1.1336391753081843,33.0,0.08059310913085938,128.03341695460784,29937.37411062307,30152.989628336145,3290.0,5538.0
70.16238784790039,68.23400910427635,0.27924630599825306,-1.5327716292504554,53.0,0.034328460693359375,115.2223580397822,30966.86248915145,30524.21862761596,4378.0,6816.0
68.63133239746094,68.30839523416864,0.5131455138473753,-1.0157962506007232,63.0,0.09566497802734375,122.9739612409283,31815.86875409204,30677.38213000153,3058.0,5352.0
86.08806228637695,73.71359228630918,-0.036448608535530135,-1.6963431532593771,114.0,0.06319427490234375,141.9734999396354,30144.927850464403,31654.649929793286,4088.0,6571.0
64.66215133666992,70.16214907669047,0.6626259953238393,-0.904123057512574,24.0,0.07609939575195312,125.8866108576871,28530.770702250276,27847.493758557874,2828.0,4872.0
70.68909072875977,75.08562131707245,0.36970156146369365,-1.598341897292229,3.0,0.07331085205078125,143.41299823082528,32882.7895183399,31799.929732408593,3487.0,5508.0
64.0455436706543,68.35874132669792,0.4198945157490745,-1.5181115892525114,3.0,0.035930633544921875,131.35959231340905,27988.126627784375,27733.544742174385,3449.0,5750.0
94.61001586914062,72.77390919289726,-0.2529130401093467,-1.6310319425274606,130.0,0.07430648803710938,140.0857846912059,35490.30920768097,36025.41205714396,4791.0,7700.0
75.08990478515625,68.32461016457631,0.14625938621799595,-1.5488086630942808,92.0,0.08956146240234375,130.6278217906125,31957.158882460106,35620.028481066205,3740.0,6408.0
93.21216583251953,71.49497103206846,-0.22073559638015858,-1.6043292607603143,126.0,0.060001373291015625,141.36289656049337,30822.79241532062,33686.680642705,4790.0,7703.0
69.61722946166992,64.894986270845,0.28739060108576864,-1.2677670260369591,81.0,0.08805465698242188,121.49603604384178,32753.78648931223,33334.15494642354,3825.0,5879.0
85.51314163208008,68.7825241207143,-0.14409606090265503,-1.6227337378730484,117.0,0.061214447021484375,136.61687542842898,32847.440114653866,34358.05971962934,4615.0,7383.0
64.93685531616211,65.22039830173786,0.4025059853679982,-1.310572129156728,49.0,0.07600021362304688,119.99864478241228,27211.439262464373,27648.62628619408,3266.0,5376.0
91.2948112487793,72.22473566337058,-0.1859887528997467,-1.6457224749068666,122.0,0.07576751708984375,140.250629342463,31454.297177775738,32299.253558430068,4427.0,7185.0
152.01557540893555,56.24427723593417,-1.8189753223066851,2.182854115793371,170.0,0.08533859252929688,161.47212909570425,42158.26065290499,40743.15971955605,6573.0,10475.0
65.87580490112305,73.0088037272031,0.5228306117373811,-1.3711783731416216,3.0,0.061161041259765625,139.48512443086136,25225.645171771444,26248.53658501344,3244.0,5326.0
51.42298889160156,74.24541398344329,1.1038561943143406,-0.45693058376256923,3.0,0.05226898193359375,138.59852576266238,23058.252600144635,23919.87614576895,1953.0,3045.0
66.22113037109375,74.85070109767557,0.5444419578564198,-1.4124355070193833,3.0,0.0613555908203125,139.89430489927878,24351.477428602037,23583.57558320019,3260.0,5280.0
79.08499526977539,79.42834317163721,0.25656374696654105,-1.7005409083552385,41.0,0.043590545654296875,143.56357749190514,26953.878715013852,27467.913392065762,3605.0,5670.0
59.56373977661133,81.20962763146477,0.9815673191905488,-0.7032226298010089,3.0,0.03380584716796875,124.28018505980592,20822.151553296666,21009.010796927538,1956.0,3318.0
69.24377822875977,70.50305597573492,0.3414203803870767,-1.507367890209945,31.0,0.06784820556640625,130.20364331496683,29329.569618798396,30726.517171665055,3797.0,6229.0
62.07181930541992,77.53469246525991,0.6923182080527006,-1.3023299176178682,3.0,0.05074310302734375,146.5330025560066,24990.39273732868,24018.030806915092,2679.0,4182.0
38.43698501586914,75.97764898844255,1.8490301910897602,1.6532943208457116,3.0,0.01564788818359375,109.33105802047781,18337.451482879384,19499.316377737974,874.0,1517.0
53.920318603515625,72.06377965222684,0.9668439193919306,-0.6153904092341134,3.0,0.03763580322265625,131.2867423474559,23372.914133571827,23380.7375118235,2362.0,3675.0
58.719261169433594,70.36113425726087,0.7066505147985268,-1.0741072813658101,3.0,0.0573883056640625,131.45054506780113,28584.152443956624,29142.916331659922,2988.0,4872.0
38.46085739135742,72.7477729261862,1.7682712478816784,1.4526940348989745,3.0,0.021137237548828125,127.56289478433496,16874.75829448887,16882.059190824264,894.0,1444.0
106.31698226928711,76.85045154561314,-0.45792268639555683,-1.606165686670941,153.0,0.04846954345703125,149.26861325358098,34982.00841054185,34255.200680938004,4660.0,7133.0
53.125457763671875,72.55651709745584,0.9536357486464614,-0.7804219508888903,3.0,0.042003631591796875,142.45808736717828,21101.989833822914,21389.580096782734,2445.0,3888.0
66.74539184570312,76.34391740137048,0.5622242661301308,-1.3469610617081693,3.0,0.06417465209960938,138.92938239315222,23364.09587479601,21434.216135289556,2811.0,4833.0
48.24689865112305,73.20825471711333,1.2465664730313273,-0.0468729010106137,3.0,0.036098480224609375,133.01891577723765,20577.202235131015,20970.25552804802,1825.0,2951.0
68.36373138427734,86.1892617295251,0.8145145403421304,-1.0004518950874535,3.0,0.036281585693359375,123.51287982336243,23353.088858802792,22867.443119615164,2327.0,3805.0
53.46432113647461,70.6256764687227,0.9684171260093634,-0.591076115454475,3.0,0.042999267578125,128.67831795599716,25049.304815894226,25592.4778870564,2590.0,3988.0
63.19586944580078,80.82853826081133,0.8601686357157071,-0.9098037720984125,3.0,0.048900604248046875,127.65824167251736,21523.530101587538,21592.366100417148,2126.0,3562.0
52.80860137939453,71.04514641732153,0.8426594370315919,-1.119209484308937,3.0,0.045307159423828125,142.45752294350424,26406.399451088142,26775.93297887115,2488.0,4008.0
36.91597366333008,62.75154385895936,1.5502223402194106,0.8792693694262859,3.0,0.027652740478515625,117.96427093392192,18903.17835028128,17800.547190401845,1572.0,2544.0
36.75830841064453,62.325379012486934,1.529704658077974,0.8012090737798401,3.0,0.024692535400390625,120.77614707245482,22478.002186349877,22481.597980618466,1650.0,2657.0
45.4693489074707,69.43342551509349,1.2531083057301184,-0.0506426448782773,3.0,0.044239044189453125,136.87462274726224,20131.829139643145,19730.056286667816,1945.0,3166.0
49.7147216796875,70.4066907560527,1.0844424884402597,-0.4009723634509168,3.0,0.05147552490234375,130.69408626056025,21077.80858442764,22756.637106048096,1987.0,3163.0
48.939090728759766,72.35191012371867,1.1513441292389976,-0.33955640372024165,3.0,0.050182342529296875,142.29304446978335,21671.255359437728,20502.517749780513,1854.0,2963.0
49.58101272583008,70.20489556864231,1.0912495989478415,-0.378023660911869,3.0,0.052886962890625,130.04032025389498,23108.0549650893,24774.869887497673,2096.0,3296.0
67.99187850952148,79.09066904420824,0.5960538426609231,-1.3373564104726565,3.0,0.060001373291015625,145.323161040117,25035.20412889628,26058.1589597588,2818.0,4846.0
65.16405487060547,82.26625810906619,0.8091766326373556,-1.0305824230590508,3.0,0.04607391357421875,134.55075343599933,22721.402675903908,23025.562657602582,2293.0,3710.0
39.97698211669922,67.75879026897282,1.5217232200802235,0.7148450287623422,3.0,0.030811309814453125,134.00099046675746,16715.086238419008,16768.208075406423,1626.0,2602.0
88.91743850708008,77.88214509914432,0.07675813665486837,-1.5742902639427998,108.0,0.075439453125,144.14482200647248,33386.79143215547,33536.622558508934,3215.0,5334.0
58.45887756347656,79.26799737563853,0.9372348222360195,-0.7815510061458073,3.0,0.040897369384765625,143.71728383546312,21638.87957999192,22579.824516804023,2074.0,3466.0
41.714134216308594,61.984515434239576,1.4186629141491152,0.7857685958244449,3.0,0.038799285888671875,123.23124569855472,20496.127644103064,20833.323783148688,2048.0,3518.0
45.88232421875,78.4256290997295,1.4056779859507769,0.17842558776550232,3.0,0.026050567626953125,152.85722653389954,19643.379796427176,20006.77848885274,1433.0,2357.0
68.77938461303711,77.46607770600963,0.5283211449859452,-1.3951493437706917,3.0,0.060832977294921875,143.61127484793377,29858.309599997603,27656.686391174695,2824.0,4631.0
68.05084991455078,74.66649283529594,0.47411000075000154,-1.4781562993864261,3.0,0.043163299560546875,148.31515687140964,27885.619866031364,29427.17602584435,2963.0,4837.0
43.56987380981445,62.481332970436206,1.2681408091550277,0.2881600035601055,3.0,0.037517547607421875,126.533604473818,25440.609285849623,24611.671514708003,2231.0,3937.0
60.02600860595703,71.33849240616422,0.6594132656180015,-1.2379761916806502,3.0,0.055736541748046875,135.7083704058586,24576.938949761352,25101.84347231678,2846.0,4618.0
51.5049934387207,71.08731124967139,1.0388199430874554,-0.5193384013916007,3.0,0.042552947998046875,147.43047960555805,22904.07396791048,23322.89421007389,1962.0,3252.0
52.438720703125,73.20259136994748,1.0299037880205049,-0.5778008473149527,3.0,0.041370391845703125,139.54393729829414,24735.66026412568,23069.824905542187,2133.0,3358.0
44.23902893066406,72.39711449830077,1.3643122381529693,0.14618048522465932,3.0,0.031829833984375,138.26989453499522,18588.743957847433,19705.849696956448,1930.0,3091.0
49.6129035949707,58.5209824971068,0.7119588977491098,-1.0110982067948915,3.0,0.05016326904296875,111.62980988593156,28503.414525114415,28580.451405537908,3131.0,5198.0
80.85437393188477,70.81317670924307,0.03217974220086913,-1.6064852015672317,106.0,0.06464385986328125,133.99368582556355,28249.88466440428,30226.813712919342,3844.0,6106.0
73.2060317993164,78.56430700398447,0.44991094246832736,-1.4489043219406157,3.0,0.06335067749023438,148.52507978563256,27175.83354664366,27316.10831805937,2744.0,4375.0
48.21323013305664,69.7064404415559,1.1013734182315624,-0.4471141246045236,3.0,0.0431365966796875,135.9335868411744,24563.576666573394,24571.508493832338,1963.0,3132.0
93.71417617797852,74.61680338404847,-0.09294496942194898,-1.5117109772675703,118.0,0.08887863159179688,146.28915404094596,31570.728057385022,32219.84937178883,3439.0,5253.0
61.26339340209961,77.0663952730329,0.7978468803513462,-1.0189209230030936,3.0,0.05144500732421875,143.38269316328044,22649.471454591257,23196.2174641197,2243.0,3951.0
88.68360137939453,73.22743187993323,-0.13416400264142514,-1.735264502115283,125.0,0.046733856201171875,144.3927842625092,33550.67397678888,32469.274366886093,3998.0,6275.0
40.118370056152344,67.61610111421116,1.460786130353188,0.4363334760195863,3.0,0.033245086669921875,138.27068273092368,23961.14011383114,22717.49537958354,1624.0,2655.0
68.45676040649414,72.2299101958972,0.4209080430069254,-1.4510179736802284,3.0,0.062129974365234375,130.21041321299197,30451.90946228229,30796.030495171824,3570.0,5813.0
51.45612335205078,74.10866566928034,1.0746369193196488,-0.5146358284248596,3.0,0.043216705322265625,138.50763527231,21324.801273299254,20606.25560329524,2032.0,3340.0
68.77767181396484,73.21858709010071,0.4212128433774552,-1.4862660521925772,3.0,0.06390762329101562,135.09586342744583,27253.03114213926,28169.441050103953,3441.0,5431.0
55.69010543823242,60.18768507299712,0.5500868054959258,-1.1887193456460412,3.0,0.05901336669921875,114.18842921784098,28896.716758412123,29557.735790120256,3622.0,6076.0
49.06145477294922,71.59716223851505,1.1685663945116955,-0.26700009092497323,3.0,0.0392608642578125,134.8927322191994,20996.865231141346,20471.98828577146,1902.0,3092.0
36.442108154296875,62.34881413465751,1.6210488636080633,1.090699523857194,3.0,0.038909912109375,132.99980392156863,20161.214267386782,19578.77771591274,1586.0,2543.0
55.059391021728516,72.25469407249946,0.9447368308208801,-0.6569117786329315,3.0,0.048328399658203125,135.51748362143815,22919.020502961594,21836.615211113778,2261.0,3843.0
54.131675720214844,75.5084379626405,1.012975844865901,-0.6837837748223072,3.0,0.036098480224609375,152.2249815069217,21456.288534518386,22481.832084944777,1927.0,3048.0
55.52768325805664,74.67964727648915,0.9296450397694568,-0.7982752168240861,3.0,0.040985107421875,141.76675353685778,22862.379128679,22138.17365817046,2221.0,3650.0
54.905181884765625,74.77693112661468,0.9952020175872199,-0.631347440944872,3.0,0.046314239501953125,141.85231858990198,21665.174678677144,20834.4631666724,2182.0,3503.0
90.22433090209961,74.3251397928729,0.012541268763578492,-1.5037005382930313,104.0,0.08160400390625,137.7484573672401,30915.130067919174,31146.712599327977,3534.0,5388.0
44.47137451171875,70.03215250816673,1.3276724949869156,0.14135898171603323,3.0,0.028865814208984375,129.0791595083917,19593.894747508086,20542.828412032348,1625.0,2779.0
72.3921127319336,74.14144120038077,0.37219916968856626,-1.4581908333009377,37.0,0.054126739501953125,140.434561984636,31378.199407690667,31878.838740920153,2879.0,4643.0
47.30060958862305,70.7810718812051,1.2139606506984355,-0.13530779325418063,3.0,0.04315948486328125,139.7596782747039,21581.82389448397,22052.636831661246,1807.0,3161.0
49.09347152709961,74.56461437177985,1.2079432541416946,-0.22189725325751875,3.0,0.028690338134765625,133.59154367770245,17991.617448773883,18403.364508437713,1664.0,2700.0
51.108795166015625,73.22041528379955,1.0799399826821203,-0.4854292961160116,3.0,0.036296844482421875,138.29090909090908,23092.1948106578,22364.63880990355,2083.0,3419.0
67.35852813720703,74.8500701561103,0.5891315834950996,-1.2260111924591695,3.0,0.06002044677734375,131.62997330621585,26704.10498974647,25631.437193294954,2803.0,4642.0
52.44972229003906,69.59239025772307,0.9694957114866101,-0.6189945643949879,3.0,0.057281494140625,131.47695791156102,22993.53787095048,23789.768712852023,2228.0,3717.0
51.55923843383789,72.92032314695467,1.064306321144086,-0.5263906281026882,3.0,0.047428131103515625,138.14083487492962,23950.258484430422,24508.74735883785,2181.0,3658.0
87.4407958984375,81.11006572907307,0.18547253200148073,-1.6069087720876132,89.0,0.09538650512695312,144.9891621675665,25531.860483153407,27336.293371235108,2511.0,3984.0
37.9058723449707,63.01383724538314,1.5564533782870582,0.9375064000083939,3.0,0.035888671875,129.34438775510205,20545.572044200577,20600.770932848805,1647.0,2660.0
39.06924057006836,64.48757715028465,1.5007072457560275,0.6512209866802277,3.0,0.03488922119140625,133.8388366499016,20117.564081274846,19810.97471937692,1698.0,2620.0
65.32017135620117,83.73381693927429,0.8261346639004225,-1.0202484921922839,3.0,0.059696197509765625,140.26078343664133,21605.589587102917,21149.10804272333,1924.0,3236.0
38.5599479675293,65.90408510960647,1.5850526707787593,0.9642991076649863,3.0,0.0268096923828125,121.64470688673876,18373.97088969039,18309.746429514777,1588.0,2678.0
62.82588577270508,69.33784377618069,0.6892789168352154,-0.9079778835436048,19.0,0.061702728271484375,124.54336939721793,27453.20210401164,27591.490061131084,2849.0,4709.0
46.98986053466797,72.71218557984746,1.2701807005782626,-0.02398257620620381,3.0,0.025951385498046875,138.01925621049537,25198.298132807085,24103.09419652864,1745.0,2872.0
71.32567596435547,81.87338757833629,0.5808283860158715,-1.3645911415561738,3.0,0.05438232421875,154.48288439955107,25961.330956160713,26785.135708433823,2601.0,4100.0
38.156471252441406,63.767245958948656,1.5937081702659621,1.0921832869554144,3.0,0.035053253173828125,123.26292306018065,19654.01590514184,19295.947919587015,1597.0,2698.0
98.83687210083008,89.61052194619454,0.07921527378790692,-1.7307181063389654,106.0,0.05522918701171875,147.3880370216881,28541.05578389435,29911.581894005867,2793.0,4377.0
65.9908218383789,65.88673374314038,0.3007525261393911,-1.563949871053875,39.0,0.06789779663085938,125.22995673914265,28299.858363834748,29628.69691298635,3852.0,6352.0
49.55997848510742,67.40024952596886,0.9566549533010967,-0.7513047931063168,3.0,0.0512542724609375,128.06757963679667,25341.832154213535,24228.768555458337,2577.0,4050.0
70.6790542602539,72.66141723768789,0.325933434596945,-1.607721963438766,23.0,0.0573883056640625,137.07491358681202,32804.22905306293,31271.3042872868,3129.0,4777.0
57.39973449707031,75.77772806685635,0.8998026572498117,-0.8462024105659132,3.0,0.047275543212890625,137.20140401839748,26007.106663051265,24478.65984280921,2403.0,3722.0
73.90217208862305,88.5870178399696,0.6513868202882503,-1.333833671913569,3.0,0.0451812744140625,138.78638973319823,26161.79702251258,26287.9166566208,2234.0,3473.0
55.2770881652832,77.88038281464051,0.9792891625528605,-0.8212757023627315,3.0,0.03609466552734375,138.92485732403298,22044.32424520571,21543.363096501183,1863.0,2961.0
48.74601745605469,71.69121580708229,1.1595429410580254,-0.2942043119012623,3.0,0.0421905517578125,138.1971066907776,19874.604721240255,20597.312385891397,2078.0,3411.0
52.69453430175781,76.85911089509584,1.1541572917194591,-0.292217518189263,3.0,0.03820037841796875,147.653784701418,22426.96721251996,22235.848500091826,1915.0,3255.0
31.238296508789062,55.89664663222215,1.7800050194495234,1.77761137216386,3.0,0.0233306884765625,130.80281229561805,19136.44832795825,17935.295529175288,1537.0,2426.0
47.183860778808594,71.92397518013074,1.2800589665043753,0.07690196781930636,3.0,0.035724639892578125,143.3313400961025,19462.364232986714,20549.043963613225,1660.0,2714.0
61.76133728027344,66.64884932128118,0.4764516988961369,-1.4119467965854693,3.0,0.06403350830078125,129.06576909329203,27614.062226831975,28556.753769767107,3192.0,5181.0
42.42454528808594,69.04943551491739,1.4588494718338632,0.5854654176768341,3.0,0.031597137451171875,136.9578655076663,21220.86476042548,20773.60710585465,1493.0,2545.0
52.60226058959961,67.06601385775721,1.01026608980731,-0.4243616841123852,3.0,0.06673431396484375,132.75585915170916,24897.0219607682,25644.55670756252,2460.0,4031.0
48.41722869873047,67.85444816194352,0.9823346196609412,-0.7903044138688804,3.0,0.049343109130859375,135.19845380749902,27153.51283119727,25696.511130179402,2386.0,3938.0
45.441768646240234,66.03922999008738,1.1129804783725248,-0.4265334928055773,3.0,0.0363922119140625,136.83752620545073,26256.701704990595,24500.668574032283,2153.0,3517.0
59.53464889526367,79.08259763213114,0.9094079051203755,-0.8757462350754532,3.0,0.051532745361328125,149.2453179361907,21724.7421736308,20873.15916494054,1780.0,3002.0
45.338706970214844,71.76197417845135,1.2741462992197914,-0.13329502137449412,3.0,0.033660888671875,132.55791024478694,19570.586056781496,19364.163176617443,1698.0,2802.0
48.583621978759766,68.65913059121434,1.1088509742757324,-0.3555159582195828,3.0,0.046283721923828125,128.71392071210747,22935.60205758298,23623.512868770053,2314.0,3574.0
67.44124221801758,85.04480116884422,0.7618347604485656,-1.1916908111395732,3.0,0.048686981201171875,135.39865235446211,27340.81888327363,28043.50727789996,2332.0,3731.0
52.19807815551758,69.58540705448307,0.9097386136089833,-0.85172982888241,3.0,0.046115875244140625,138.79874265861528,24080.02219672314,25215.948203673383,2309.0,3694.0
58.89472961425781,78.72502924604979,0.94064296829203,-0.7754178818621384,3.0,0.0424041748046875,148.40725080964376,22114.076539277597,21925.38944519557,2260.0,3735.0
45.703792572021484,66.34211634185702,1.1073064923890936,-0.47323160072028836,3.0,0.034137725830078125,138.15856520281596,26237.636874278123,26680.43785719726,2276.0,3681.0
42.81669616699219,66.03589133619417,1.2700692524665582,0.008354554690856553,3.0,0.032989501953125,134.98103607770582,22190.369114486963,19749.587023001364,1728.0,2951.0
60.921504974365234,80.28000875551511,0.9682789285993018,-0.603335585446966,3.0,0.03871917724609375,121.23458128078818,23651.68535175107,23027.734413902795,2175.0,3555.0
32.741615295410156,63.00934169992735,1.9010461388133613,2.037510370317543,3.0,0.019863128662109375,114.1400038409833,16214.576116262479,16704.29456146485,1250.0,2052.0
89.55999374389648,80.37816219672938,0.016006684048253488,-1.7496874939509095,120.0,0.042499542236328125,141.28166232833678,29762.7277543434,29388.395888383006,3615.0,5478.0
85.65466690063477,67.24492200747538,-0.20400940856482333,-1.6231814687239607,115.0,0.0774383544921875,132.01152709359607,37391.255308129155,35863.88335134265,4176.0,6552.0
65.73846054077148,81.12429455638535,0.8401610327119527,-0.8180583637589764,3.0,0.047672271728515625,121.73129551092262,25895.853223886497,24380.576999349443,2477.0,4178.0
68.45637130737305,84.17523446156383,0.6922297710106969,-1.303875075206441,3.0,0.05521392822265625,147.62069918474506,25989.628770603653,26065.864265583532,2397.0,3848.0
64.04783248901367,66.02415894672627,0.4201349249911542,-1.3901926231252857,28.0,0.051029205322265625,125.4643791582567,31571.305518070993,29970.101493014732,3768.0,5970.0
81.34148788452148,79.93258037078495,0.24815108136746497,-1.6383323191464578,61.0,0.0552978515625,148.61748068432672,27628.274877494146,28091.83078247852,3479.0,5454.0
63.83666229248047,81.86218790942918,0.7745537592392677,-1.1550955454359826,3.0,0.035251617431640625,147.22919597446165,22495.600493687078,22058.18358072917,2420.0,4053.0
56.323219299316406,76.21992714182913,1.006677807890858,-0.5281990055836898,3.0,0.0384521484375,125.81021825396826,21735.692179736896,22481.638222473786,2259.0,3625.0
52.630802154541016,65.04439328416821,0.8907593157458601,-0.7084694493467856,3.0,0.0427703857421875,124.31992508027113,25766.0902178347,25659.46231286683,3096.0,4756.0
34.21464538574219,63.85659233161854,1.8288074218681132,1.788206666145788,3.0,0.02056884765625,119.81509643916914,17050.5516072318,16767.517221448088,1377.0,2208.0
80.86282348632812,81.45558250626327,0.4523770919874036,-1.2682558002612303,76.0,0.04972076416015625,127.31440847015497,26407.5197766063,27539.65146341994,3146.0,5080.0
54.15034103393555,69.62692153743271,0.9787548471533075,-0.5257602826422949,3.0,0.040164947509765625,131.43593883559691,23691.32634345345,24746.906110738793,2889.0,4456.0
61.44093704223633,74.91518925889737,0.7403919671749063,-1.0765322690472516,3.0,0.060443878173828125,137.91801830230358,24147.247085414994,24312.9971725373,2775.0,4401.0
51.12954330444336,72.25733461311316,1.0949793315318135,-0.3740216700455954,3.0,0.030117034912109375,137.0444585180494,20899.314441449795,21589.120617030014,2204.0,3640.0
43.85181427001953,67.0660885657459,1.2147771855760636,-0.20895198193653952,3.0,0.044307708740234375,139.49918209212225,23167.944168260907,23686.474879614387,1804.0,2865.0
40.45831298828125,65.2750364026432,1.3533151317574585,0.17749388999711035,3.0,0.04221343994140625,140.94361106090727,19145.079958829072,22468.2884653463,1657.0,2657.0
68.7422981262207,72.19490785975339,0.42443271252656634,-1.4231668138297158,20.0,0.040557861328125,130.8535553047404,30630.39416002812,30857.618817041395,3855.0,6157.0
65.19636917114258,75.91761702851015,0.5562872281374618,-1.4515792806594119,3.0,0.039577484130859375,135.16192771084337,26035.02873056843,26267.443910239,2957.0,4796.0
61.951568603515625,66.33020367431052,0.432107431212214,-1.509536889529963,3.0,0.04079437255859375,131.9097624836357,30326.527703899992,31303.22030710546,3428.0,5408.0
56.82835006713867,71.11697442356927,0.7771636247829181,-1.027870649167841,3.0,0.06367874145507812,131.4700772779009,25866.14243052117,26071.18221438615,2836.0,4502.0
97.28675842285156,78.35838075462824,-0.11401175162709379,-1.5924699428173008,124.0,0.09145355224609375,147.76520397096854,29444.543301638932,29079.568690555137,3428.0,5254.0
64.73946762084961,69.99275539021185,0.4427325005460983,-1.5138252851202691,3.0,0.05741119384765625,136.15767441860464,30173.794753766,29247.645498529753,3188.0,5110.0
42.37807846069336,70.10515530646461,1.4342727786819944,0.4180657891473749,3.0,0.0344696044921875,135.23627711376716,17756.813668765488,18569.425350666366,1354.0,2276.0
107.65171813964844,90.9866379761328,-0.054852472741096676,-1.7365817404051869,131.0,0.060092926025390625,158.26191836475593,27488.93444878924,25961.06757717727,2600.0,4022.0
47.624019622802734,67.87308416590298,1.069351228129499,-0.4985835045130034,3.0,0.05268096923828125,134.73461259956554,23128.4326199454,22237.743869946087,1980.0,3216.0
39.624656677246094,67.93622612395943,1.5288504300837065,0.7072503711043985,3.0,0.036167144775390625,139.78082480750976,21734.390467749876,21444.866893912644,1378.0,2289.0
77.54537963867188,79.71469373057879,0.3458680010664888,-1.5648994601024149,35.0,0.07757568359375,145.7012195121951,31119.220127293327,29976.734151867422,2932.0,4610.0
52.73100662231445,71.46562534087161,0.9808271930855909,-0.666626621271567,3.0,0.050510406494140625,138.17324975455026,25016.981799616282,25154.17468018308,2195.0,3617.0
58.153690338134766,77.07207689931961,0.9284201183758922,-0.7716876827735093,3.0,0.04509735107421875,142.09803755709694,19036.79098239475,19487.01112542115,1988.0,3371.0
59.39011764526367,70.65231429272792,0.6607105858241392,-1.226200670551028,3.0,0.062328338623046875,129.8348124120203,24435.10802258258,26877.504187862887,3110.0,4823.0
82.18600845336914,82.07826719544987,0.33015942441781543,-1.542757949920558,59.0,0.07056427001953125,147.60022705157314,30341.570666975837,30719.763220226378,2558.0,4198.0
27.62784194946289,62.56833451914732,2.402755337280821,4.186622606621433,3.0,0.012050628662109375,113.16777461221906,13327.454481609668,12731.946247047168,772.0,1250.0
59.368221282958984,73.68242970668166,0.7689124285111414,-1.041055267960044,3.0,0.058277130126953125,134.16371015251684,23864.191040760146,22703.401859851492,2608.0,4249.0
50.64033508300781,73.98678768239694,1.1473707226510546,-0.3004358907190512,3.0,0.047321319580078125,135.5322047561467,22499.454290655205,24512.974707955324,1957.0,3316.0
39.02315902709961,65.30564595890543,1.523870927885217,0.7544012122620489,3.0,0.04004669189453125,132.46894646599353,21601.36974707823,22290.398319685362,1318.0,2205.0
47.976356506347656,69.32165966158185,1.198165180804116,-0.07756658617976031,3.0,0.047336578369140625,131.33951164477395,21331.35203503528,20695.06088156273,1823.0,3199.0
83.79165649414062,67.69737505848907,-0.1830454393216804,-1.725182448035304,116.0,0.08437347412109375,136.83199204268016,41339.16857425337,39872.59604965442,4348.0,6583.0
79.97814178466797,81.04912044964341,0.3630381827140124,-1.4986859732540765,51.0,0.051624298095703125,144.09059336436857,28955.92351905517,28813.385362253623,2598.0,4203.0
52.623207092285156,71.11578863682595,0.9413024488852184,-0.7878103985944485,3.0,0.054401397705078125,136.02538391417153,26151.595823248477,25494.19894763432,2273.0,3752.0
30.097530364990234,62.436039643222905,2.121977261366258,2.8951295012305405,3.0,0.022579193115234375,133.1583037675283,15610.147817483356,15495.361131887747,869.0,1396.0
37.651912689208984,67.05919811530966,1.6545502457547954,1.138455159168938,3.0,0.030181884765625,125.8665318503539,20505.440765171483,22571.634080792348,1557.0,2571.0
64.6840705871582,71.03462336874908,0.5043679941439961,-1.4133886271057918,3.0,0.05973052978515625,134.92425597138842,30551.55790713621,29575.20153214305,3276.0,5329.0
31.7276611328125,61.99411318683951,1.9861349867922138,2.4441620490702283,3.0,0.02118682861328125,114.68833273316528,20685.121509721197,19194.28152578397,1274.0,1982.0
55.854827880859375,76.80961737143821,0.9563232351896798,-0.818374932439792,3.0,0.031276702880859375,145.6967922917429,22068.113290070254,22045.994442461582,2106.0,3431.0
63.767642974853516,71.53101998858362,0.4708293121118903,-1.587524666481582,3.0,0.052265167236328125,138.82293263265456,24852.40962279586,26057.45842148733,3240.0,5131.0
57.125118255615234,66.88241625144339,0.5779003945102705,-1.4247118858658157,3.0,0.062068939208984375,130.90449265564502,26037.567354883697,25949.701822782557,3124.0,4860.0
77.68794250488281,75.11214344497208,0.3495031407235022,-1.3549899793830342,76.0,0.06047821044921875,129.56698624952693,28711.092930202198,28742.400169658416,2962.0,4677.0
43.972206115722656,63.21532425982177,1.0615018188075966,-0.6059289800338834,3.0,0.03864288330078125,129.79476801579466,21025.767869708015,20892.83780305892,2262.0,3638.0
85.92710494995117,71.11963975410944,-0.052600080383418346,-1.6051276240514762,114.0,0.07621002197265625,142.59225147662428,33785.93647180311,34467.391228177345,3843.0,6031.0
90.17769241333008,71.11652708379536,-0.1913488900897958,-1.60157588571114,124.0,0.04787445068359375,134.42733067729083,34983.109193833836,35479.707343112525,4350.0,6729.0
67.39106369018555,71.48270898379307,0.3694744061043414,-1.6121038837944341,3.0,0.044158935546875,134.87085348997925,30849.91566732727,29994.81003673646,3432.0,5355.0
54.40321350097656,71.49258780127504,0.8850342819942301,-0.8536708912735045,3.0,0.041107177734375,126.88687824795842,21839.406543935696,20379.863088958977,2743.0,4381.0
58.23160934448242,77.13834637421652,0.8686950648166623,-0.9602495015928945,3.0,0.045261383056640625,150.3218710493047,24055.00331290479,24342.789128060693,2322.0,3753.0
66.74274063110352,73.82459491822499,0.4406361878266799,-1.606379529145097,3.0,0.05348968505859375,144.38147197261446,28175.125723231995,29688.610968570913,3130.0,4982.0
49.455955505371094,69.43554276729702,1.0574009929713744,-0.46070381341659994,3.0,0.036693572998046875,125.04802994074228,25008.82180077094,25583.305544665116,2492.0,4012.0
49.380210876464844,78.92282565838771,1.234431002816428,-0.32018199575335693,3.0,0.01979827880859375,133.47726396917147,21068.97199133642,20740.49314229308,1212.0,2042.0
61.45818328857422,68.89012269655807,0.553417650257888,-1.3236284881465095,3.0,0.0488433837890625,130.84106529209623,28107.049850842566,27818.406333050607,3416.0,5705.0
49.67298889160156,66.83705483853532,0.9183994831961434,-0.8398380803470684,3.0,0.042461395263671875,129.6816997574342,27183.208218158292,25816.46588854923,2657.0,4367.0
60.77088165283203,74.08767256168996,0.772090197046923,-0.9767082101357465,3.0,0.05204010009765625,138.93681278404927,25461.910198820813,24138.98206720479,2215.0,3845.0
45.804534912109375,64.65182022308201,1.0530012795287267,-0.5331608403916421,3.0,0.039951324462890625,131.49470065883702,27764.9842979398,27126.278806096332,2316.0,3697.0
77.0753402709961,84.27418021722295,0.5410065058290836,-1.3271289702790867,14.0,0.042057037353515625,130.29768707482992,23909.824638322178,23077.19732390955,3037.0,4960.0
40.342613220214844,72.76876763419992,1.5522381950350457,0.5743302477162211,3.0,0.019817352294921875,128.55514918190568,16625.3523333252,17110.25902513304,1082.0,1849.0
94.14506912231445,84.4873791397918,0.03962600309861802,-1.7348152481955956,114.0,0.050128936767578125,155.01750247317557,29333.394879788273,28591.000545773095,3128.0,4674.0
54.232723236083984,77.43890599421697,1.0467677126682042,-0.6101255884991872,3.0,0.037296295166015625,149.1904469673724,19608.2364933156,20504.057050475207,1689.0,2916.0
73.42280960083008,78.35938488373371,0.4855709415294932,-1.3425272271002069,21.0,0.04447174072265625,130.9721221478813,29664.19452657046,27697.63363291902,3327.0,5336.0
62.96379089355469,72.88537665906726,0.6238565160615644,-1.2547255139029145,3.0,0.048053741455078125,136.00897038977536,23238.50880527291,23106.478973561527,3076.0,4915.0
